법인명,사업자번호,보고서명,접수번호,접수일자
경인,122-81-08354,[기재정정]감사보고서 (2016.12),20170425000919,20170426
경인,122-81-08354,감사보고서 (2015.12),20160401002333,20160401
경인,122-81-08354,감사보고서 (2014.12),20150406000721,20150406
경인,122-81-08354,감사보고서 (2013.12),20140401001908,20140401
광영이엔씨,610-81-54049,감사보고서 (2017.12),20180413001891,20180413
광영이엔씨,610-81-54049,감사보고서 (2016.12),20170413001407,20170413
광영이엔씨,610-81-54049,감사보고서 (2015.12),20160414002329,20160414
광영이엔씨,610-81-54049,감사보고서 (2014.12),20150403000154,20150403
광영이엔씨,610-81-54049,[기재정정]감사보고서 (2013.12),20140411000448,20140411
광영이엔엠,147-81-00462,감사보고서 (2017.12),20180413001901,20180413
광영이엔엠,147-81-00462,[기재정정]감사보고서 (2016.12),20170330001050,20170330
그린기전,131-81-54643,감사보고서 (2016.12),20170419000386,20170419
그린기전,131-81-54643,감사보고서 (2015.12),20160414000822,20160414
그린기전,131-81-54643,[기재정정]감사보고서 (2014.12),20150514001021,20150514
그린기전,131-81-54643,감사보고서 (2013.12),20140415000464,20140415
극동이엔지,134-81-61857,감사보고서 (2017.12),20180430000927,20180430
극동이엔지,134-81-61857,감사보고서 (2016.12),20170404002140,20170404
극동이엔지,134-81-61857,감사보고서 (2015.12),20160401000723,20160401
극동이엔지,134-81-61857,감사보고서 (2014.12),20150410001114,20150410
극동이엔지,134-81-61857,감사보고서 (2013.12),20140411000800,20140411
금오하이텍,127-81-71565,감사보고서 (2017.12),20180413001247,20180413
금우,609-81-22509,감사보고서 (2017.12),20180416000211,20180416
금우,609-81-22509,감사보고서 (2016.12),20170410000913,20170410
금우,609-81-22509,감사보고서 (2015.12),20160331001603,20160331
금우,609-81-22509,감사보고서 (2014.12),20150407000652,20150407
금우,609-81-22509,감사보고서 (2013.12),20140401001104,20140401
남양에스앤티,503-81-28980,감사보고서 (2015.12),20160411001206,20160411
남양에스앤티,503-81-28980,감사보고서 (2014.12),20150413001913,20150413
남양에스앤티,503-81-28980,감사보고서 (2013.12),20140414000486,20140414
남인,613-81-54179,감사보고서 (2017.12),20180410001495,20180410
남인,613-81-54179,감사보고서 (2016.12),20170427001218,20170427
남인,613-81-54179,감사보고서 (2015.12),20160321000407,20160321
남인,613-81-54179,감사보고서 (2014.12),20150403001501,20150403
남인,613-81-54179,감사보고서 (2013.12),20140318000038,20140318
남청,603-81-19568,감사보고서 (2017.12),20180413001478,20180413
남청,603-81-19568,감사보고서 (2016.12),20170414001195,20170414
남청,603-81-19568,감사보고서 (2015.12),20160414002065,20160414
남청,603-81-19568,감사보고서 (2014.12),20150515000316,20150515
남청,603-81-19568,감사보고서 (2013.12),20140414002117,20140414
노블레스,402-81-92855,감사보고서 (2014.12),20150409000046,20150409
노전,134-81-52950,감사보고서 (2016.12),20170403000887,20170403
노전,134-81-52950,[기재정정]감사보고서 (2015.12),20160509002608,20160509
노전,134-81-52950,감사보고서 (2014.12),20150402001531,20150402
뉴티스,134-86-76108,감사보고서 (2017.12),20180416000598,20180416
뉴티스,134-86-76108,감사보고서 (2016.12),20170414001364,20170414
뉴티스,134-86-76108,감사보고서 (2015.12),20160404001217,20160404
다원피씨에스,123-86-43209,감사보고서 (2017.12),20180411002029,20180411
다원피씨에스,123-86-43209,감사보고서 (2016.12),20170406000653,20170406
다이나트론,129-81-98236,감사보고서 (2016.12),20170412001991,20170412
다이나트론,129-81-98236,감사보고서 (2015.12),20160412000602,20160412
대남,505-81-04096,감사보고서 (2016.12),20170411001543,20170411
대남,505-81-04096,[기재정정]감사보고서 (2015.12),20160418000088,20160418
대남,505-81-04096,감사보고서 (2014.12),20150409001822,20150409
대남,505-81-04096,감사보고서 (2013.12),20140411001622,20140411
대동밀레니엄,514-81-35098,[기재정정]감사보고서 (2017.12),20180514003453,20180514
대동밀레니엄,514-81-35098,감사보고서 (2016.12),20170405000334,20170405
대림화학,613-81-00810,감사보고서 (2016.12),20170331000872,20170331
대림화학,613-81-00810,감사보고서 (2015.12),20160401000845,20160401
대림화학,613-81-00810,감사보고서 (2014.12),20150327001190,20150327
대림화학,613-81-00810,감사보고서 (2013.12),20140402000132,20140402
대명종합식품,503-81-29242,감사보고서 (2015.12),20160414000697,20160414
대명종합식품,503-81-29242,감사보고서 (2014.12),20150414000186,20150414
대명종합식품,503-81-29242,감사보고서 (2013.12),20140409001161,20140409
대성화스너,513-81-73842,[기재정정]감사보고서 (2016.12),20170621000019,20170621
대운전기,609-81-94003,감사보고서 (2016.12),20170427000315,20170427
대현중공업,411-81-17184,감사보고서 (2014.12),20150410000706,20150410
대현중공업,411-81-17184,감사보고서 (2013.12),20140408000892,20140408
동양해운,121-81-96156,감사보고서 (2017.12),20180413000031,20180413
동양해운,121-81-96156,감사보고서 (2016.12),20170412002102,20170413
동양해운,121-81-96156,감사보고서 (2015.12),20160411001586,20160411
동영산업,416-81-09452,[기재정정]감사보고서 (2017.12),20180417000151,20180417
동영산업,416-81-09452,감사보고서 (2016.12),20170406001960,20170406
동영산업,416-81-09452,감사보고서 (2015.12),20160412001076,20160412
동영산업,416-81-09452,감사보고서 (2014.12),20150410001062,20150410
동영산업,416-81-09452,감사보고서 (2013.12),20140410000336,20140410
동영코엘스,606-81-61920,감사보고서 (2017.12),20180413000622,20180413
동영코엘스,606-81-61920,감사보고서 (2016.12),20170404000875,20170404
동영코엘스,606-81-61920,감사보고서 (2015.12),20160412001135,20160412
동영코엘스,606-81-61920,감사보고서 (2014.12),20150410001232,20150410
동영코엘스,606-81-61920,감사보고서 (2013.12),20140408001266,20140408
동호스포츠,119-81-35345,[기재정정]감사보고서 (2016.12),20171201000072,20171201
동호스포츠,119-81-35345,[기재정정]감사보고서 (2015.12),20171201000070,20171201
동호스포츠,119-81-35345,감사보고서 (2014.12),20150413001010,20150413
동호스포츠,119-81-35345,감사보고서 (2013.12),20140401001915,20140401
디에이치아이,615-81-69912,감사보고서 (2017.12),20180404001151,20180404
디에이치아이,615-81-69912,감사보고서 (2016.12),20170417000042,20170417
디에이치아이,615-81-69912,감사보고서 (2015.12),20160401000141,20160401
디에이치아이,615-81-69912,감사보고서 (2014.12),20150408000185,20150408
디에이치아이,615-81-69912,감사보고서 (2013.12),20140401002229,20140401
디페트엠,137-81-14260,감사보고서 (2016.12),20170405002081,20170405
디페트엠,137-81-14260,감사보고서 (2015.12),20160330001534,20160330
디페트엠,137-81-14260,감사보고서 (2014.12),20150401002504,20150401
디페트엠,137-81-14260,감사보고서 (2013.12),20140414000151,20140414
로얄비엔비,207-81-46208,감사보고서 (2017.12),20180411002490,20180411
로얄비엔비,207-81-46208,감사보고서 (2016.12),20170414001511,20170414
로얄비엔비,207-81-46208,감사보고서 (2015.12),20160406000145,20160406
로얄비엔비,207-81-46208,감사보고서 (2014.12),20150331000865,20150331
로얄비엔비,207-81-46208,감사보고서 (2013.12),20140409001452,20140409
맥스컴,123-81-34781,감사보고서 (2017.12),20180413001019,20180413
맥스컴,123-81-34781,감사보고서 (2016.12),20170404000568,20170404
맥스컴,123-81-34781,감사보고서 (2015.12),20160404001436,20160404
맥스컴,123-81-34781,감사보고서 (2014.12),20150403000054,20150403
맥스컴,123-81-34781,감사보고서 (2013.12),20140402000905,20140402
맥스포,124-86-00936,감사보고서 (2017.12),20180404002212,20180404
맥스포,124-86-00936,감사보고서 (2016.12),20170406001203,20170406
맥스포,124-86-00936,감사보고서 (2015.12),20160408001443,20160408
맥스포,124-86-00936,감사보고서 (2014.12),20150407002177,20150407
맥스포,124-86-00936,감사보고서 (2013.12),20140409000721,20140409
머신나노텍,410-86-05865,감사보고서 (2017.12),20180411001165,20180411
머신나노텍,410-86-05865,[기재정정]감사보고서 (2016.12),20170428000877,20170428
머신나노텍,410-86-05865,감사보고서 (2015.12),20160414000872,20160414
머신나노텍,410-86-05865,감사보고서 (2014.12),20150407000759,20150407
무진축산,315-81-05833,감사보고서 (2017.12),20180409003069,20180409
미래산업개발,403-81-56207,감사보고서 (2017.12),20180406001647,20180406
베세토어패럴,211-86-60830,감사보고서 (2016.06),20161006000166,20161006
베세토어패럴,211-86-60830,감사보고서 (2015.06),20151002000013,20151002
베세토어패럴,211-86-60830,감사보고서 (2014.06),20141002000062,20141002
보부식품,125-81-18171,감사보고서 (2017.12),20180411001166,20180411
보부식품,125-81-18171,[기재정정]감사보고서 (2016.12),20170413001955,20170414
보부식품,125-81-18171,감사보고서 (2015.12),20160406000720,20160406
비엠코리아,134-81-93704,감사보고서 (2016.12),20170412000633,20170412
비엠코리아,134-81-93704,감사보고서 (2015.12),20160408001047,20160408
비엠코리아,134-81-93704,감사보고서 (2014.12),20150413000417,20150413
비엠코리아,134-81-93704,감사보고서 (2013.12),20140407000642,20140407
삼정스틸,126-81-59059,감사보고서 (2016.12),20170411000856,20170411
삼정스틸,126-81-59059,[기재정정]감사보고서 (2015.12),20160510002596,20160510
삼정스틸,126-81-59059,감사보고서 (2014.12),20150414001370,20150414
선양,123-81-11041,감사보고서 (2014.12),20150413002479,20150413
선양,123-81-11041,감사보고서 (2013.12),20140407000980,20140407
성창공업,139-81-25157,감사보고서 (2013.12),20140404002233,20140404
성창기계,603-81-18536,감사보고서 (2016.12),20170405000745,20170405
성창기계,603-81-18536,감사보고서 (2015.12),20160328000374,20160328
성창기계,603-81-18536,감사보고서 (2014.12),20150406001552,20150406
성창기계,603-81-18536,감사보고서 (2013.12),20140403000964,20140403
성창염직,133-81-27967,감사보고서 (2014.12),20150408001549,20150408
성창염직,133-81-27967,감사보고서 (2013.12),20140924000048,20140924
성호종합건설,223-81-08943,감사보고서 (2013.12),20140402000198,20140402
세원엔프라,131-86-10806,감사보고서 (2015.12),20160527000144,20160527
세원엔프라,131-86-10806,[기재정정]감사보고서 (2014.12),20150507001512,20150507
세원엔프라,131-86-10806,감사보고서 (2013.12),20140410001489,20140410
신광금속,603-81-35646,감사보고서 (2017.12),20180404002175,20180404
신흥안전유리,127-81-78777,감사보고서 (2017.12),20180405001337,20180405
아이온에프앤지,603-81-34079,감사보고서 (2014.12),20150413002506,20150413
아이온에프앤지,603-81-34079,[기재정정]감사보고서 (2013.12),20140605000056,20140605
아트서비스,201-81-68446,감사보고서 (2017.12),20180406000268,20180406
아트서비스,201-81-68446,감사보고서 (2016.12),20170411000189,20170411
아트서비스,201-81-68446,감사보고서 (2015.12),20160414002622,20160414
아트서비스,201-81-68446,감사보고서 (2014.12),20150406001265,20150406
아트서비스,201-81-68446,감사보고서 (2013.12),20140327000214,20140327
에나인더스트리,505-81-21590,감사보고서 (2017.12),20180416000081,20180416
에나인더스트리,505-81-21590,감사보고서 (2016.12),20170411000558,20170411
에나인더스트리,505-81-21590,감사보고서 (2015.12),20160412000180,20160412
에나인더스트리,505-81-21590,[기재정정]감사보고서 (2014.12),20150706000073,20150706
에나인더스트리,505-81-21590,감사보고서 (2013.12),20140414000878,20140414
에코로바,108-81-43199,감사보고서 (2017.12),20180413000845,20180413
에코로바,108-81-43199,감사보고서 (2016.12),20170414002205,20170414
에코로바,108-81-43199,감사보고서 (2015.12),20160404000469,20160404
에코로바,108-81-43199,감사보고서 (2014.12),20150406001745,20150406
에코로바,108-81-43199,감사보고서 (2013.12),20140401000926,20140401
에코젠,617-81-35010,감사보고서 (2016.12),20170412001264,20170412
엘케이이노베이션,605-81-31156,감사보고서 (2017.12),20180416000543,20180416
엘케이이노베이션,605-81-31156,[기재정정]감사보고서 (2016.12),20170714000477,20170714
엘케이이노베이션,605-81-31156,감사보고서 (2015.12),20160411000999,20160411
엘케이이노베이션,605-81-31156,[기재정정]감사보고서 (2014.12),20150916000307,20150916
엘케이이노베이션,605-81-31156,감사보고서 (2013.12),20140410001879,20140411
엘플러스,409-86-07219,감사보고서 (2015.12),20160411001344,20160411
영광전기,126-86-34897,감사보고서 (2017.12),20180416000143,20180416
영광전기,126-86-34897,감사보고서 (2016.12),20170413001951,20170414
영남약품,621-81-21456,감사보고서 (2015.12),20160406000958,20160406
영남약품,621-81-21456,감사보고서 (2014.12),20150402001774,20150402
영남약품,621-81-21456,감사보고서 (2013.12),20140404002169,20140404
영산산업기계,615-81-11744,감사보고서 (2016.12),20170414000348,20170414
영산중공업,615-81-40614,감사보고서 (2016.12),20170414000353,20170414
요성철강,606-81-17782,감사보고서 (2016.12),20170831000896,20170831
우리정도,315-81-35166,감사보고서 (2015.12),20160408002090,20160408
우리정도,315-81-35166,감사보고서 (2014.12),20150331002594,20150331
우리정도,315-81-35166,감사보고서 (2013.12),20140331002029,20140331
우주홀딩스,114-81-83459,감사보고서 (2016.12),20170414000384,20170414
우주홀딩스,114-81-83459,감사보고서 (2015.12),20160405002519,20160406
우주홀딩스,114-81-83459,감사보고서 (2014.12),20150410001531,20150410
우주홀딩스,114-81-83459,감사보고서 (2013.12),20140415000497,20140416
우진패션비즈,109-81-51197,감사보고서 (2017.12),20180412001965,20180412
우진패션비즈,109-81-51197,감사보고서 (2016.12),20170413000323,20170413
우진패션비즈,109-81-51197,감사보고서 (2015.12),20160411001330,20160411
우진패션비즈,109-81-51197,[기재정정]감사보고서 (2014.12),20150520000024,20150520
우진패션비즈,109-81-51197,감사보고서 (2013.12),20140414000823,20140414
원광도어,127-86-17362,감사보고서 (2017.12),20180402004815,20180402
원광도어,127-86-17362,감사보고서 (2016.12),20170403001346,20170403
원광도어,127-86-17362,감사보고서 (2015.12),20160411002392,20160411
원광도어,127-86-17362,감사보고서 (2014.12),20150403000546,20150403
유넥스,603-81-26322,감사보고서 (2016.12),20170411001393,20170411
유넥스,603-81-26322,감사보고서 (2015.12),20160404000722,20160404
유넥스,603-81-26322,감사보고서 (2014.12),20150403000455,20150403
유넥스,603-81-26322,감사보고서 (2013.12),20140401001673,20140401
유앤오일넷,402-81-80397,감사보고서 (2017.12),20180413000053,20180413
유앤오일넷,402-81-80397,감사보고서 (2016.12),20170405002563,20170406
이니텍기계,137-81-21136,감사보고서 (2017.12),20180409002015,20180409
이니텍기계,137-81-21136,감사보고서 (2016.12),20170410001758,20170410
이니텍기계,137-81-21136,감사보고서 (2015.12),20160411000638,20160411
이니텍기계,137-81-21136,감사보고서 (2014.12),20150407001534,20150407
이니텍기계,137-81-21136,감사보고서 (2013.12),20140407001334,20140407
제이앤푸드,210-81-40379,감사보고서 (2017.12),20180416000405,20180416
지에이테크,621-81-65605,감사보고서 (2016.12),20170406001882,20170406
지에이테크,621-81-65605,감사보고서 (2015.12),20160406000515,20160406
참존글로벌워크,204-81-43726,감사보고서 (2017.12),20180404001368,20180404
참존글로벌워크,204-81-43726,감사보고서 (2016.12),20170413000902,20170413
참존글로벌워크,204-81-43726,감사보고서 (2015.12),20160401002280,20160401
참존글로벌워크,204-81-43726,감사보고서 (2014.12),20150330001617,20150331
참존글로벌워크,204-81-43726,감사보고서 (2013.12),20140402001961,20140402
창원옵텍,609-81-60935,감사보고서 (2016.12),20170405000390,20170405
창원옵텍,609-81-60935,감사보고서 (2015.12),20160404002259,20160404
창원옵텍,609-81-60935,감사보고서 (2014.12),20150402000309,20150402
창원옵텍,609-81-60935,감사보고서 (2013.12),20140407000178,20140407
창원컴텍,609-81-82185,감사보고서 (2016.12),20170405000393,20170405
창원컴텍,609-81-82185,감사보고서 (2015.12),20160404002285,20160404
창원컴텍,609-81-82185,감사보고서 (2014.12),20150402000314,20150402
창원컴텍,609-81-82185,감사보고서 (2013.12),20140407000192,20140407
캐로스,126-86-19014,감사보고서 (2017.12),20180410002019,20180410
캐로스,126-86-19014,[기재정정]감사보고서 (2015.12),20160513000439,20160513
캐로스,126-86-19014,감사보고서 (2014.12),20150410000669,20150410
케이투넷,117-81-34210,감사보고서 (2015.12),20160404002240,20160404
코마코,104-81-26636,감사보고서 (2017.12),20180411001316,20180411
코마코,104-81-26636,감사보고서 (2016.12),20170406000721,20170406
코마코,104-81-26636,감사보고서 (2015.12),20160405001665,20160405
코마코,104-81-26636,감사보고서 (2014.12),20150406000616,20150406
코마코,104-81-26636,감사보고서 (2013.12),20140331000189,20140331
코펙스,121-81-78895,감사보고서 (2017.12),20180406001296,20180406
코펙스,121-81-78895,감사보고서 (2016.12),20170407000575,20170407
코펙스,121-81-78895,감사보고서 (2015.12),20160405000255,20160405
코펙스,121-81-78895,감사보고서 (2014.12),20150409000252,20150409
태극엔터프라이즈,610-81-60920,감사보고서 (2016.12),20170321000136,20170321
태극엔터프라이즈,610-81-60920,감사보고서 (2015.12),20160316000185,20160316
태극엔터프라이즈,610-81-60920,감사보고서 (2014.12),20150407000578,20150407
태일전기,127-86-09014,감사보고서 (2016.12),20170413001344,20170413
태일전기,127-86-09014,감사보고서 (2015.12),20160411001260,20160411
태일전기,127-86-09014,감사보고서 (2014.12),20150413001053,20150413
튜너웍스코리아,124-86-56992,감사보고서 (2017.12),20180411000482,20180411
튜너웍스코리아,124-86-56992,감사보고서 (2016.12),20170407001880,20170407
튜너웍스코리아,124-86-56992,감사보고서 (2015.12),20160408000604,20160408
튜너웍스코리아,124-86-56992,[기재정정]감사보고서 (2014.12),20150409000102,20150409
튜너웍스코리아,124-86-56992,감사보고서 (2013.12),20140411000879,20140411
티엔에스산업개발,128-81-71821,감사보고서 (2016.12),20170406001693,20170406
티엔에스산업개발,128-81-71821,감사보고서 (2014.12),20150406000978,20150406
팬코리아중공업,608-81-69777,감사보고서 (2017.12),20180402000053,20180402
팬코리아중공업,608-81-69777,감사보고서 (2016.12),20170403000007,20170403
팬코리아중공업,608-81-69777,감사보고서 (2015.12),20160401000523,20160401
팬코리아중공업,608-81-69777,감사보고서 (2014.12),20150331000515,20150331
팬코리아중공업,608-81-69777,감사보고서 (2013.12),20140402001732,20140402
한려엔쵸비,603-81-56388,감사보고서 (2017.12),20180412002163,20180412
한려엔쵸비,603-81-56388,감사보고서 (2016.12),20170414001020,20170414
한려엔쵸비,603-81-56388,감사보고서 (2015.12),20160407000857,20160407
한려엔쵸비,603-81-56388,감사보고서 (2014.12),20150331000367,20150331
한려엔쵸비,603-81-56388,감사보고서 (2013.12),20140402000149,20140402
한영캉가루,207-81-04800,감사보고서 (2016.12),20170413000920,20170413
한영캉가루,207-81-04800,감사보고서 (2015.12),20160411001724,20160411
한영캉가루,207-81-04800,[기재정정]감사보고서 (2014.12),20150409000413,20150409
한영캉가루,207-81-04800,감사보고서 (2013.12),20140404001123,20140404
현대단조,609-81-29138,감사보고서 (2016.12),20170406000980,20170406
현대단조,609-81-29138,감사보고서 (2015.12),20160406001113,20160406
현대단조,609-81-29138,감사보고서 (2014.12),20150401001012,20150401
현대단조,609-81-29138,감사보고서 (2013.12),20140402001125,20140402
현대피닉스,124-86-80624,감사보고서 (2016.12),20170413001925,20170414
현대피닉스,124-86-80624,감사보고서 (2015.12),20160405001782,20160405
현우이엔씨,128-81-95857,감사보고서 (2016.12),20170410002117,20170410
현우이엔씨,128-81-95857,감사보고서 (2015.12),20160414001347,20160414
현우이엔씨,128-81-95857,감사보고서 (2014.12),20150407000716,20150407
현우이엔씨,128-81-95857,감사보고서 (2013.12),20140408000518,20140408
호성건설,137-81-08977,감사보고서 (2016.12),20170404001407,20170404
효명이엔지,134-87-24927,감사보고서 (2017.12),20180402001847,20180402
효명이엔지,134-87-24927,감사보고서 (2015.12),20160330000162,20160330
21세기산기,505-81-20024,감사보고서 (2017.12),20180412000760,20180412
21세기산기,505-81-20024,감사보고서 (2016.12),20170426001013,20170426
21세기산기,505-81-20024,감사보고서 (2015.12),20160405001014,20160405
21세기산기,505-81-20024,감사보고서 (2014.12),20150409001339,20150409
21세기산기,505-81-20024,감사보고서 (2013.12),20140411000382,20140411
국태종합건설,502-81-05849,감사보고서 (2014.12),20150331000793,20150331
국태종합건설,502-81-05849,감사보고서 (2013.12),20140409000851,20140409
금문산업,606-81-60765,감사보고서 (2017.12),20180403001539,20180403
금문산업,606-81-60765,감사보고서 (2016.12),20170403000611,20170403
금문산업,606-81-60765,감사보고서 (2015.12),20160401000703,20160401
금문산업,606-81-60765,감사보고서 (2014.12),20150406000924,20150406
금문산업,606-81-60765,[기재정정]감사보고서 (2013.12),20140926000075,20140926
금창산업,416-81-63330,감사보고서 (2016.12),20170414000361,20170414
금창산업,416-81-63330,감사보고서 (2015.12),20160414000572,20160414
금창산업,416-81-63330,감사보고서 (2014.12),20150414000351,20150414
금창산업,416-81-63330,감사보고서 (2013.12),20140404002232,20140404
꾸메화장품,131-81-95926,감사보고서 (2017.12),20180411001557,20180411
꾸메화장품,131-81-95926,감사보고서 (2016.12),20170411000054,20170411
농업회사법인미림,142-81-15733,감사보고서 (2016.12),20170407000296,20170407
농업회사법인미림,142-81-15733,감사보고서 (2015.12),20160331000582,20160331
농업회사법인미림,142-81-15733,감사보고서 (2014.12),20150401001892,20150401
농업회사법인미림,142-81-15733,감사보고서 (2013.12),20140407000296,20140407
누리비엔씨,314-81-80673,감사보고서 (2016.12),20170410002361,20170410
대성공업,503-81-10006,감사보고서 (2017.12),20180403001554,20180403
대성공업,503-81-10006,감사보고서 (2016.12),20170403000700,20170403
대성공업,503-81-10006,감사보고서 (2015.12),20160404001391,20160404
대성공업,503-81-10006,감사보고서 (2014.12),20150406001160,20150406
대성공업,503-81-10006,감사보고서 (2013.12),20140407001321,20140407
대영화학,622-81-01943,감사보고서 (2016.12),20170414001199,20170414
대영화학,622-81-01943,감사보고서 (2015.12),20160411001061,20160411
대영화학,622-81-01943,감사보고서 (2014.12),20150413001490,20150413
대영화학,622-81-01943,감사보고서 (2013.12),20140410001892,20140411
대창HRSG,610-81-39112,감사보고서 (2016.12),20170328000233,20170328
대창HRSG,610-81-39112,감사보고서 (2015.12),20160317000047,20160317
대창HRSG,610-81-39112,[기재정정]감사보고서 (2014.12),20150210000070,20150210
대창HRSG,610-81-39112,감사보고서 (2013.12),20140325000271,20140325
더연리지,609-86-22289,감사보고서 (2017.12),20180412001335,20180412
더연리지,609-86-22289,감사보고서 (2016.12),20170412001943,20170412
덕수금속,606-81-26826,감사보고서 (2016.12),20170405001949,20170405
덕수금속,606-81-26826,감사보고서 (2015.12),20160412001254,20160412
덕수금속,606-81-26826,감사보고서 (2014.12),20150403001541,20150403
덕수금속,606-81-26826,감사보고서 (2013.12),20140404002041,20140404
동비건설,114-86-42341,감사보고서 (2017.12),20180411001748,20180411
동비건설,114-86-42341,감사보고서 (2016.12),20170418000314,20170418
동비건설,114-86-42341,감사보고서 (2015.12),20160406000286,20160406
동비건설,114-86-42341,감사보고서 (2014.12),20150408001216,20150408
동성물산,130-81-07036,감사보고서 (2017.12),20180416000785,20180416
동성물산,130-81-07036,감사보고서 (2016.12),20170403000593,20170403
동성물산,130-81-07036,감사보고서 (2015.12),20160404000598,20160404
동성물산,130-81-07036,감사보고서 (2014.12),20150409000038,20150409
동성물산,130-81-07036,[기재정정]감사보고서 (2013.12),20140507000459,20140507
디에스중공업,411-81-49444,감사보고서 (2017.12),20180405000277,20180405
디에스중공업,411-81-49444,감사보고서 (2016.12),20170413001060,20170413
디에스중공업,411-81-49444,감사보고서 (2015.12),20160407001331,20160407
디에스중공업,411-81-49444,감사보고서 (2014.12),20150430002061,20150504
디에스중공업,411-81-49444,[기재정정]감사보고서 (2012.12),20140512000980,20140512
디에스중공업,411-81-49444,감사보고서 (2013.12),20140414000158,20140414
보국전기공업,514-81-13134,감사보고서 (2017.12),20180416000229,20180416
보국전기공업,514-81-13134,[기재정정]감사보고서 (2016.12),20180213000140,20180213
보국전기공업,514-81-13134,감사보고서 (2015.12),20160401000266,20160401
보국전기공업,514-81-13134,감사보고서 (2014.12),20150331000971,20150331
보국전기공업,514-81-13134,감사보고서 (2013.12),20140404001011,20140404
보성해상개발,610-81-29157,[기재정정]감사보고서 (2016.12),20171117000139,20171117
보성해상개발,610-81-29157,감사보고서 (2015.12),20160405000821,20160405
보성해상개발,610-81-29157,감사보고서 (2014.12),20150406001521,20150406
보성해상개발,610-81-29157,감사보고서 (2013.12),20140408000597,20140408
비케이판넬,125-81-80184,감사보고서 (2017.12),20180413001342,20180413
비케이판넬,125-81-80184,감사보고서 (2016.12),20170412000069,20170412
비케이판넬,125-81-80184,감사보고서 (2015.12),20160404000162,20160404
삼주이엔지,603-81-35869,감사보고서 (2017.12),20180412001569,20180412
삼주이엔지,603-81-35869,감사보고서 (2016.12),20170406002396,20170407
삼주이엔지,603-81-35869,감사보고서 (2015.12),20160412001582,20160412
삼주이엔지,603-81-35869,감사보고서 (2014.12),20150410001525,20150410
삼주이엔지,603-81-35869,감사보고서 (2013.12),20140410001069,20140410
삼화주철공업,119-81-04217,감사보고서 (2017.12),20180413001179,20180413
삼화주철공업,119-81-04217,감사보고서 (2015.12),20160331000460,20160331
삼화주철공업,119-81-04217,감사보고서 (2014.12),20150331000132,20150331
삼화주철공업,119-81-04217,감사보고서 (2013.12),20140401000109,20140401
삼화통신공업,119-81-03936,감사보고서 (2017.12),20180413001175,20180413
삼화통신공업,119-81-03936,감사보고서 (2015.12),20160331000482,20160331
삼화통신공업,119-81-03936,감사보고서 (2014.12),20150331000091,20150331
삼화통신공업,119-81-03936,감사보고서 (2013.12),20140401000045,20140401
서한개발,133-81-26667,[기재정정]감사보고서 (2017.12),20180523000041,20180523
서한개발,133-81-26667,감사보고서 (2016.12),20170405000783,20170405
서한개발,133-81-26667,감사보고서 (2015.12),20160406000845,20160406
서한개발,133-81-26667,감사보고서 (2014.12),20150408000644,20150408
서한개발,133-81-26667,감사보고서 (2013.12),20140403000268,20140403
선일배관,134-81-44751,[기재정정]감사보고서 (2016.12),20170410000720,20170410
선일배관,134-81-44751,감사보고서 (2015.12),20160408002387,20160408
선일배관,134-81-44751,감사보고서 (2014.12),20150407002281,20150408
선일배관,134-81-44751,감사보고서 (2013.12),20140411000135,20140411
성남기업,122-81-06109,감사보고서 (2016.12),20170407000928,20170407
성남기업,122-81-06109,감사보고서 (2015.12),20160407001448,20160407
성남기업,122-81-06109,감사보고서 (2014.12),20150408000655,20150408
성남기업,122-81-06109,감사보고서 (2013.12),20140409001706,20140410
성신아이앤텍,122-86-03257,감사보고서 (2013.12),20140411001226,20140411
성원이엔티,622-81-10442,감사보고서 (2017.12),20180326000142,20180326
성원이엔티,622-81-10442,감사보고서 (2016.12),20170412000528,20170412
성원이엔티,622-81-10442,감사보고서 (2015.12),20160411001524,20160411
성원이엔티,622-81-10442,감사보고서 (2014.12),20150409000925,20150409
성원이엔티,622-81-10442,감사보고서 (2013.12),20140408001198,20140408
세일피에스,128-81-45167,감사보고서 (2017.12),20180405000350,20180405
세일피에스,128-81-45167,감사보고서 (2016.12),20170405000450,20170405
세일피에스,128-81-45167,감사보고서 (2015.12),20160401000132,20160401
세일피에스,128-81-45167,감사보고서 (2014.12),20150406000492,20150406
세일피에스,128-81-45167,감사보고서 (2013.12),20140402000514,20140402
승화건설산업,307-81-12861,감사보고서 (2017.12),20180402003340,20180402
승화건설산업,307-81-12861,감사보고서 (2016.12),20170413001307,20170413
승화건설산업,307-81-12861,감사보고서 (2015.12),20160412000008,20160412
승화건설산업,307-81-12861,[기재정정]감사보고서 (2014.12),20150410002598,20150413
승화건설산업,307-81-12861,감사보고서 (2013.12),20140409001748,20140410
신흥피앤피,110-81-03360,감사보고서 (2016.12),20170410000750,20170410
신흥피앤피,110-81-03360,감사보고서 (2015.12),20160411000016,20160411
신흥피앤피,110-81-03360,[기재정정]감사보고서 (2014.12),20150413000611,20150413
신흥피앤피,110-81-03360,감사보고서 (2013.12),20140331000751,20140331
씨에라팜,305-81-33216,감사보고서 (2016.12),20170407000084,20170407
씨에라팜,305-81-33216,감사보고서 (2015.12),20160412000100,20160412
씨에라팜,305-81-33216,감사보고서 (2014.12),20150410001765,20150410
씨에라팜,305-81-33216,감사보고서 (2013.12),20140409000820,20140409
엠티코리아,620-81-09575,[기재정정]감사보고서 (2017.12),20180409001485,20180409
엠티코리아,620-81-09575,감사보고서 (2016.12),20170405001922,20170405
여명약품,130-81-33290,감사보고서 (2016.12),20170406001937,20170406
여명약품,130-81-33290,감사보고서 (2015.12),20160411000659,20160411
여명약품,130-81-33290,[기재정정]감사보고서 (2014.12),20150403001981,20150403
여명약품,130-81-33290,[기재정정]감사보고서 (2013.12),20140404000919,20140404
영진하이테크,503-81-20386,감사보고서 (2017.12),20180409000875,20180409
영진하이테크,503-81-20386,감사보고서 (2016.12),20170404001754,20170404
영진하이테크,503-81-20386,감사보고서 (2015.12),20160325001223,20160325
영진하이테크,503-81-20386,감사보고서 (2014.12),20150409002000,20150410
영진하이테크,503-81-20386,감사보고서 (2013.12),20140408000266,20140408
영해산업개발,408-81-32286,감사보고서 (2017.12),20180416000550,20180416
영해산업개발,408-81-32286,감사보고서 (2016.12),20170413000280,20170413
우진건설,515-81-24726,감사보고서 (2017.12),20180402001002,20180402
우진건설,515-81-24726,감사보고서 (2016.12),20170403000481,20170403
우진건설,515-81-24726,감사보고서 (2015.12),20160405000458,20160405
우진건설,515-81-24726,감사보고서 (2014.12),20150410001951,20150410
우진건설,515-81-24726,감사보고서 (2013.12),20140409001389,20140409
우진하이텍,301-81-79582,감사보고서 (2017.12),20180409001650,20180409
우진하이텍,301-81-79582,감사보고서 (2016.12),20170331001091,20170331
우진하이텍,301-81-79582,감사보고서 (2015.12),20160407002245,20160407
우진하이텍,301-81-79582,감사보고서 (2014.12),20150410001978,20150410
우진하이텍,301-81-79582,감사보고서 (2013.12),20140410001524,20140410
우창엔지니어링,503-81-42129,감사보고서 (2016.12),20170411000214,20170411
우창엔지니어링,503-81-42129,감사보고서 (2015.12),20160411001309,20160411
우창엔지니어링,503-81-42129,감사보고서 (2014.12),20150410001032,20150410
이천칠키움아이비케이제일차,215-87-04050,감사보고서 (2016.12),20170417000453,20170417
이천칠키움아이비케이제일차,215-87-04050,감사보고서 (2016.09),20170125000456,20170125
이천칠키움아이비케이제일차,215-87-04050,[기재정정]감사보고서 (2016.06),20170125000452,20170125
이천칠키움아이비케이제일차,215-87-04050,감사보고서 (2016.03),20160714000529,20160714
이천칠키움아이비케이제일차,215-87-04050,감사보고서 (2015.12),20160414002391,20160414
이천칠키움아이비케이제일차,215-87-04050,감사보고서 (2015.09),20160114000182,20160114
이천칠키움아이비케이제일차,215-87-04050,감사보고서 (2015.06),20151014000162,20151014
이천칠키움아이비케이제일차,215-87-04050,감사보고서 (2015.03),20150720000052,20150720
이천칠키움아이비케이제일차,215-87-04050,감사보고서 (2014.12),20150414002039,20150414
이천칠키움아이비케이제일차,215-87-04050,감사보고서 (2014.09),20150105000415,20150105
이천칠키움아이비케이제일차,215-87-04050,[기재정정]감사보고서 (2014.06),20141029001188,20141029
이천칠키움아이비케이제일차,215-87-04050,감사보고서 (2014.03),20140707000034,20140707
이천칠키움아이비케이제일차,215-87-04050,감사보고서 (2013.12),20140414000769,20140414
이천칠키움아이비케이제일차,215-87-04050,감사보고서 (2013.09),20140114000030,20140114
인팩글로벌,609-81-69988,감사보고서 (2017.12),20180409002618,20180409
인팩글로벌,609-81-69988,감사보고서 (2016.12),20170407000694,20170407
진양공업,129-81-00921,감사보고서 (2015.12),20160408000014,20160408
태영산업,612-81-23616,감사보고서 (2017.12),20180330004025,20180402
태영산업,612-81-23616,감사보고서 (2016.12),20170407001306,20170407
태영산업,612-81-23616,감사보고서 (2015.12),20160412002555,20160412
태영산업,612-81-23616,감사보고서 (2014.12),20150413000644,20150413
태영산업,612-81-23616,감사보고서 (2013.12),20140414001726,20140414
태웅건설,301-81-71071,감사보고서 (2015.12),20160414001405,20160414
태웅건설,301-81-71071,[기재정정]감사보고서 (2014.12),20151228000104,20151228
태웅건설,301-81-71071,감사보고서 (2013.12),20140414001865,20140414
파워렉스,133-81-39202,감사보고서 (2017.12),20180416000332,20180416
파워렉스,133-81-39202,감사보고서 (2013.12),20140410001315,20140410
한국분말야금,122-81-13463,감사보고서 (2017.12),20180406001125,20180406
한국분말야금,122-81-13463,감사보고서 (2016.12),20170405001304,20170405
한국분말야금,122-81-13463,[첨부정정]감사보고서 (2015.12),20160404001761,20160404
한국분말야금,122-81-13463,감사보고서 (2014.12),20150406000509,20150406
한국분말야금,122-81-13463,감사보고서 (2013.12),20140402001514,20140402
한국시멘트산업,109-81-80178,감사보고서 (2016.12),20170404000651,20170404
한국시멘트산업,109-81-80178,감사보고서 (2015.12),20160308000051,20160308
한국시멘트산업,109-81-80178,감사보고서 (2014.12),20150413000283,20150413
한국시멘트산업,109-81-80178,감사보고서 (2013.12),20140403000134,20140403
현대텍,465-88-00087,감사보고서 (2017.12),20180406002441,20180406
화이브엠텍,124-86-58118,감사보고서 (2017.12),20180413000838,20180413
화이브엠텍,124-86-58118,감사보고서 (2016.12),20170411001751,20170411
